provenance,claim_id,reviewer_slot,reviewer_id,primary_cause,additional_causes,confidence,evidence_rationale,completed_at,status
BLANK_HUMAN_ANNOTATION_FORM_FOR_SYNTHETIC_CASE,SYN-004336,1,,,,,,,NOT_ANNOTATED
BLANK_HUMAN_ANNOTATION_FORM_FOR_SYNTHETIC_CASE,SYN-004336,2,,,,,,,NOT_ANNOTATED
BLANK_HUMAN_ANNOTATION_FORM_FOR_SYNTHETIC_CASE,SYN-004336,3,,,,,,,NOT_ANNOTATED
BLANK_HUMAN_ANNOTATION_FORM_FOR_SYNTHETIC_CASE,SYN-004578,1,,,,,,,NOT_ANNOTATED
BLANK_HUMAN_ANNOTATION_FORM_FOR_SYNTHETIC_CASE,SYN-004578,2,,,,,,,NOT_ANNOTATED
BLANK_HUMAN_ANNOTATION_FORM_FOR_SYNTHETIC_CASE,SYN-004578,3,,,,,,,NOT_ANNOTATED
BLANK_HUMAN_ANNOTATION_FORM_FOR_SYNTHETIC_CASE,SYN-004183,1,,,,,,,NOT_ANNOTATED
BLANK_HUMAN_ANNOTATION_FORM_FOR_SYNTHETIC_CASE,SYN-004183,2,,,,,,,NOT_ANNOTATED
BLANK_HUMAN_ANNOTATION_FORM_FOR_SYNTHETIC_CASE,SYN-004183,3,,,,,,,NOT_ANNOTATED
BLANK_HUMAN_ANNOTATION_FORM_FOR_SYNTHETIC_CASE,SYN-004331,1,,,,,,,NOT_ANNOTATED
BLANK_HUMAN_ANNOTATION_FORM_FOR_SYNTHETIC_CASE,SYN-004331,2,,,,,,,NOT_ANNOTATED
BLANK_HUMAN_ANNOTATION_FORM_FOR_SYNTHETIC_CASE,SYN-004331,3,,,,,,,NOT_ANNOTATED
BLANK_HUMAN_ANNOTATION_FORM_FOR_SYNTHETIC_CASE,SYN-004151,1,,,,,,,NOT_ANNOTATED
BLANK_HUMAN_ANNOTATION_FORM_FOR_SYNTHETIC_CASE,SYN-004151,2,,,,,,,NOT_ANNOTATED
BLANK_HUMAN_ANNOTATION_FORM_FOR_SYNTHETIC_CASE,SYN-004151,3,,,,,,,NOT_ANNOTATED
BLANK_HUMAN_ANNOTATION_FORM_FOR_SYNTHETIC_CASE,SYN-004318,1,,,,,,,NOT_ANNOTATED
BLANK_HUMAN_ANNOTATION_FORM_FOR_SYNTHETIC_CASE,SYN-004318,2,,,,,,,NOT_ANNOTATED
BLANK_HUMAN_ANNOTATION_FORM_FOR_SYNTHETIC_CASE,SYN-004318,3,,,,,,,NOT_ANNOTATED
BLANK_HUMAN_ANNOTATION_FORM_FOR_SYNTHETIC_CASE,SYN-004477,1,,,,,,,NOT_ANNOTATED
BLANK_HUMAN_ANNOTATION_FORM_FOR_SYNTHETIC_CASE,SYN-004477,2,,,,,,,NOT_ANNOTATED
BLANK_HUMAN_ANNOTATION_FORM_FOR_SYNTHETIC_CASE,SYN-004477,3,,,,,,,NOT_ANNOTATED
BLANK_HUMAN_ANNOTATION_FORM_FOR_SYNTHETIC_CASE,SYN-004998,1,,,,,,,NOT_ANNOTATED
BLANK_HUMAN_ANNOTATION_FORM_FOR_SYNTHETIC_CASE,SYN-004998,2,,,,,,,NOT_ANNOTATED
BLANK_HUMAN_ANNOTATION_FORM_FOR_SYNTHETIC_CASE,SYN-004998,3,,,,,,,NOT_ANNOTATED
BLANK_HUMAN_ANNOTATION_FORM_FOR_SYNTHETIC_CASE,SYN-004396,1,,,,,,,NOT_ANNOTATED
BLANK_HUMAN_ANNOTATION_FORM_FOR_SYNTHETIC_CASE,SYN-004396,2,,,,,,,NOT_ANNOTATED
BLANK_HUMAN_ANNOTATION_FORM_FOR_SYNTHETIC_CASE,SYN-004396,3,,,,,,,NOT_ANNOTATED
BLANK_HUMAN_ANNOTATION_FORM_FOR_SYNTHETIC_CASE,SYN-004325,1,,,,,,,NOT_ANNOTATED
BLANK_HUMAN_ANNOTATION_FORM_FOR_SYNTHETIC_CASE,SYN-004325,2,,,,,,,NOT_ANNOTATED
BLANK_HUMAN_ANNOTATION_FORM_FOR_SYNTHETIC_CASE,SYN-004325,3,,,,,,,NOT_ANNOTATED
BLANK_HUMAN_ANNOTATION_FORM_FOR_SYNTHETIC_CASE,SYN-004762,1,,,,,,,NOT_ANNOTATED
BLANK_HUMAN_ANNOTATION_FORM_FOR_SYNTHETIC_CASE,SYN-004762,2,,,,,,,NOT_ANNOTATED
BLANK_HUMAN_ANNOTATION_FORM_FOR_SYNTHETIC_CASE,SYN-004762,3,,,,,,,NOT_ANNOTATED
BLANK_HUMAN_ANNOTATION_FORM_FOR_SYNTHETIC_CASE,SYN-004887,1,,,,,,,NOT_ANNOTATED
BLANK_HUMAN_ANNOTATION_FORM_FOR_SYNTHETIC_CASE,SYN-004887,2,,,,,,,NOT_ANNOTATED
BLANK_HUMAN_ANNOTATION_FORM_FOR_SYNTHETIC_CASE,SYN-004887,3,,,,,,,NOT_ANNOTATED
BLANK_HUMAN_ANNOTATION_FORM_FOR_SYNTHETIC_CASE,SYN-004544,1,,,,,,,NOT_ANNOTATED
BLANK_HUMAN_ANNOTATION_FORM_FOR_SYNTHETIC_CASE,SYN-004544,2,,,,,,,NOT_ANNOTATED
BLANK_HUMAN_ANNOTATION_FORM_FOR_SYNTHETIC_CASE,SYN-004544,3,,,,,,,NOT_ANNOTATED
BLANK_HUMAN_ANNOTATION_FORM_FOR_SYNTHETIC_CASE,SYN-004671,1,,,,,,,NOT_ANNOTATED
BLANK_HUMAN_ANNOTATION_FORM_FOR_SYNTHETIC_CASE,SYN-004671,2,,,,,,,NOT_ANNOTATED
BLANK_HUMAN_ANNOTATION_FORM_FOR_SYNTHETIC_CASE,SYN-004671,3,,,,,,,NOT_ANNOTATED
BLANK_HUMAN_ANNOTATION_FORM_FOR_SYNTHETIC_CASE,SYN-004665,1,,,,,,,NOT_ANNOTATED
BLANK_HUMAN_ANNOTATION_FORM_FOR_SYNTHETIC_CASE,SYN-004665,2,,,,,,,NOT_ANNOTATED
BLANK_HUMAN_ANNOTATION_FORM_FOR_SYNTHETIC_CASE,SYN-004665,3,,,,,,,NOT_ANNOTATED
BLANK_HUMAN_ANNOTATION_FORM_FOR_SYNTHETIC_CASE,SYN-004991,1,,,,,,,NOT_ANNOTATED
BLANK_HUMAN_ANNOTATION_FORM_FOR_SYNTHETIC_CASE,SYN-004991,2,,,,,,,NOT_ANNOTATED
BLANK_HUMAN_ANNOTATION_FORM_FOR_SYNTHETIC_CASE,SYN-004991,3,,,,,,,NOT_ANNOTATED
BLANK_HUMAN_ANNOTATION_FORM_FOR_SYNTHETIC_CASE,SYN-004642,1,,,,,,,NOT_ANNOTATED
BLANK_HUMAN_ANNOTATION_FORM_FOR_SYNTHETIC_CASE,SYN-004642,2,,,,,,,NOT_ANNOTATED
BLANK_HUMAN_ANNOTATION_FORM_FOR_SYNTHETIC_CASE,SYN-004642,3,,,,,,,NOT_ANNOTATED
BLANK_HUMAN_ANNOTATION_FORM_FOR_SYNTHETIC_CASE,SYN-004317,1,,,,,,,NOT_ANNOTATED
BLANK_HUMAN_ANNOTATION_FORM_FOR_SYNTHETIC_CASE,SYN-004317,2,,,,,,,NOT_ANNOTATED
BLANK_HUMAN_ANNOTATION_FORM_FOR_SYNTHETIC_CASE,SYN-004317,3,,,,,,,NOT_ANNOTATED
BLANK_HUMAN_ANNOTATION_FORM_FOR_SYNTHETIC_CASE,SYN-004511,1,,,,,,,NOT_ANNOTATED
BLANK_HUMAN_ANNOTATION_FORM_FOR_SYNTHETIC_CASE,SYN-004511,2,,,,,,,NOT_ANNOTATED
BLANK_HUMAN_ANNOTATION_FORM_FOR_SYNTHETIC_CASE,SYN-004511,3,,,,,,,NOT_ANNOTATED
BLANK_HUMAN_ANNOTATION_FORM_FOR_SYNTHETIC_CASE,SYN-004593,1,,,,,,,NOT_ANNOTATED
BLANK_HUMAN_ANNOTATION_FORM_FOR_SYNTHETIC_CASE,SYN-004593,2,,,,,,,NOT_ANNOTATED
BLANK_HUMAN_ANNOTATION_FORM_FOR_SYNTHETIC_CASE,SYN-004593,3,,,,,,,NOT_ANNOTATED
BLANK_HUMAN_ANNOTATION_FORM_FOR_SYNTHETIC_CASE,SYN-004202,1,,,,,,,NOT_ANNOTATED
BLANK_HUMAN_ANNOTATION_FORM_FOR_SYNTHETIC_CASE,SYN-004202,2,,,,,,,NOT_ANNOTATED
BLANK_HUMAN_ANNOTATION_FORM_FOR_SYNTHETIC_CASE,SYN-004202,3,,,,,,,NOT_ANNOTATED
BLANK_HUMAN_ANNOTATION_FORM_FOR_SYNTHETIC_CASE,SYN-004703,1,,,,,,,NOT_ANNOTATED
BLANK_HUMAN_ANNOTATION_FORM_FOR_SYNTHETIC_CASE,SYN-004703,2,,,,,,,NOT_ANNOTATED
BLANK_HUMAN_ANNOTATION_FORM_FOR_SYNTHETIC_CASE,SYN-004703,3,,,,,,,NOT_ANNOTATED
BLANK_HUMAN_ANNOTATION_FORM_FOR_SYNTHETIC_CASE,SYN-004646,1,,,,,,,NOT_ANNOTATED
BLANK_HUMAN_ANNOTATION_FORM_FOR_SYNTHETIC_CASE,SYN-004646,2,,,,,,,NOT_ANNOTATED
BLANK_HUMAN_ANNOTATION_FORM_FOR_SYNTHETIC_CASE,SYN-004646,3,,,,,,,NOT_ANNOTATED
BLANK_HUMAN_ANNOTATION_FORM_FOR_SYNTHETIC_CASE,SYN-004911,1,,,,,,,NOT_ANNOTATED
BLANK_HUMAN_ANNOTATION_FORM_FOR_SYNTHETIC_CASE,SYN-004911,2,,,,,,,NOT_ANNOTATED
BLANK_HUMAN_ANNOTATION_FORM_FOR_SYNTHETIC_CASE,SYN-004911,3,,,,,,,NOT_ANNOTATED
BLANK_HUMAN_ANNOTATION_FORM_FOR_SYNTHETIC_CASE,SYN-004966,1,,,,,,,NOT_ANNOTATED
BLANK_HUMAN_ANNOTATION_FORM_FOR_SYNTHETIC_CASE,SYN-004966,2,,,,,,,NOT_ANNOTATED
BLANK_HUMAN_ANNOTATION_FORM_FOR_SYNTHETIC_CASE,SYN-004966,3,,,,,,,NOT_ANNOTATED
BLANK_HUMAN_ANNOTATION_FORM_FOR_SYNTHETIC_CASE,SYN-004818,1,,,,,,,NOT_ANNOTATED
BLANK_HUMAN_ANNOTATION_FORM_FOR_SYNTHETIC_CASE,SYN-004818,2,,,,,,,NOT_ANNOTATED
BLANK_HUMAN_ANNOTATION_FORM_FOR_SYNTHETIC_CASE,SYN-004818,3,,,,,,,NOT_ANNOTATED
BLANK_HUMAN_ANNOTATION_FORM_FOR_SYNTHETIC_CASE,SYN-004850,1,,,,,,,NOT_ANNOTATED
BLANK_HUMAN_ANNOTATION_FORM_FOR_SYNTHETIC_CASE,SYN-004850,2,,,,,,,NOT_ANNOTATED
BLANK_HUMAN_ANNOTATION_FORM_FOR_SYNTHETIC_CASE,SYN-004850,3,,,,,,,NOT_ANNOTATED
BLANK_HUMAN_ANNOTATION_FORM_FOR_SYNTHETIC_CASE,SYN-004346,1,,,,,,,NOT_ANNOTATED
BLANK_HUMAN_ANNOTATION_FORM_FOR_SYNTHETIC_CASE,SYN-004346,2,,,,,,,NOT_ANNOTATED
BLANK_HUMAN_ANNOTATION_FORM_FOR_SYNTHETIC_CASE,SYN-004346,3,,,,,,,NOT_ANNOTATED
BLANK_HUMAN_ANNOTATION_FORM_FOR_SYNTHETIC_CASE,SYN-004356,1,,,,,,,NOT_ANNOTATED
BLANK_HUMAN_ANNOTATION_FORM_FOR_SYNTHETIC_CASE,SYN-004356,2,,,,,,,NOT_ANNOTATED
BLANK_HUMAN_ANNOTATION_FORM_FOR_SYNTHETIC_CASE,SYN-004356,3,,,,,,,NOT_ANNOTATED
BLANK_HUMAN_ANNOTATION_FORM_FOR_SYNTHETIC_CASE,SYN-004968,1,,,,,,,NOT_ANNOTATED
BLANK_HUMAN_ANNOTATION_FORM_FOR_SYNTHETIC_CASE,SYN-004968,2,,,,,,,NOT_ANNOTATED
BLANK_HUMAN_ANNOTATION_FORM_FOR_SYNTHETIC_CASE,SYN-004968,3,,,,,,,NOT_ANNOTATED
BLANK_HUMAN_ANNOTATION_FORM_FOR_SYNTHETIC_CASE,SYN-004285,1,,,,,,,NOT_ANNOTATED
BLANK_HUMAN_ANNOTATION_FORM_FOR_SYNTHETIC_CASE,SYN-004285,2,,,,,,,NOT_ANNOTATED
BLANK_HUMAN_ANNOTATION_FORM_FOR_SYNTHETIC_CASE,SYN-004285,3,,,,,,,NOT_ANNOTATED
BLANK_HUMAN_ANNOTATION_FORM_FOR_SYNTHETIC_CASE,SYN-004411,1,,,,,,,NOT_ANNOTATED
BLANK_HUMAN_ANNOTATION_FORM_FOR_SYNTHETIC_CASE,SYN-004411,2,,,,,,,NOT_ANNOTATED
BLANK_HUMAN_ANNOTATION_FORM_FOR_SYNTHETIC_CASE,SYN-004411,3,,,,,,,NOT_ANNOTATED
BLANK_HUMAN_ANNOTATION_FORM_FOR_SYNTHETIC_CASE,SYN-004766,1,,,,,,,NOT_ANNOTATED
BLANK_HUMAN_ANNOTATION_FORM_FOR_SYNTHETIC_CASE,SYN-004766,2,,,,,,,NOT_ANNOTATED
BLANK_HUMAN_ANNOTATION_FORM_FOR_SYNTHETIC_CASE,SYN-004766,3,,,,,,,NOT_ANNOTATED
BLANK_HUMAN_ANNOTATION_FORM_FOR_SYNTHETIC_CASE,SYN-004984,1,,,,,,,NOT_ANNOTATED
BLANK_HUMAN_ANNOTATION_FORM_FOR_SYNTHETIC_CASE,SYN-004984,2,,,,,,,NOT_ANNOTATED
BLANK_HUMAN_ANNOTATION_FORM_FOR_SYNTHETIC_CASE,SYN-004984,3,,,,,,,NOT_ANNOTATED
BLANK_HUMAN_ANNOTATION_FORM_FOR_SYNTHETIC_CASE,SYN-004421,1,,,,,,,NOT_ANNOTATED
BLANK_HUMAN_ANNOTATION_FORM_FOR_SYNTHETIC_CASE,SYN-004421,2,,,,,,,NOT_ANNOTATED
BLANK_HUMAN_ANNOTATION_FORM_FOR_SYNTHETIC_CASE,SYN-004421,3,,,,,,,NOT_ANNOTATED
BLANK_HUMAN_ANNOTATION_FORM_FOR_SYNTHETIC_CASE,SYN-004698,1,,,,,,,NOT_ANNOTATED
BLANK_HUMAN_ANNOTATION_FORM_FOR_SYNTHETIC_CASE,SYN-004698,2,,,,,,,NOT_ANNOTATED
BLANK_HUMAN_ANNOTATION_FORM_FOR_SYNTHETIC_CASE,SYN-004698,3,,,,,,,NOT_ANNOTATED
BLANK_HUMAN_ANNOTATION_FORM_FOR_SYNTHETIC_CASE,SYN-004815,1,,,,,,,NOT_ANNOTATED
BLANK_HUMAN_ANNOTATION_FORM_FOR_SYNTHETIC_CASE,SYN-004815,2,,,,,,,NOT_ANNOTATED
BLANK_HUMAN_ANNOTATION_FORM_FOR_SYNTHETIC_CASE,SYN-004815,3,,,,,,,NOT_ANNOTATED
BLANK_HUMAN_ANNOTATION_FORM_FOR_SYNTHETIC_CASE,SYN-004579,1,,,,,,,NOT_ANNOTATED
BLANK_HUMAN_ANNOTATION_FORM_FOR_SYNTHETIC_CASE,SYN-004579,2,,,,,,,NOT_ANNOTATED
BLANK_HUMAN_ANNOTATION_FORM_FOR_SYNTHETIC_CASE,SYN-004579,3,,,,,,,NOT_ANNOTATED
BLANK_HUMAN_ANNOTATION_FORM_FOR_SYNTHETIC_CASE,SYN-004474,1,,,,,,,NOT_ANNOTATED
BLANK_HUMAN_ANNOTATION_FORM_FOR_SYNTHETIC_CASE,SYN-004474,2,,,,,,,NOT_ANNOTATED
BLANK_HUMAN_ANNOTATION_FORM_FOR_SYNTHETIC_CASE,SYN-004474,3,,,,,,,NOT_ANNOTATED
BLANK_HUMAN_ANNOTATION_FORM_FOR_SYNTHETIC_CASE,SYN-004901,1,,,,,,,NOT_ANNOTATED
BLANK_HUMAN_ANNOTATION_FORM_FOR_SYNTHETIC_CASE,SYN-004901,2,,,,,,,NOT_ANNOTATED
BLANK_HUMAN_ANNOTATION_FORM_FOR_SYNTHETIC_CASE,SYN-004901,3,,,,,,,NOT_ANNOTATED
BLANK_HUMAN_ANNOTATION_FORM_FOR_SYNTHETIC_CASE,SYN-004281,1,,,,,,,NOT_ANNOTATED
BLANK_HUMAN_ANNOTATION_FORM_FOR_SYNTHETIC_CASE,SYN-004281,2,,,,,,,NOT_ANNOTATED
BLANK_HUMAN_ANNOTATION_FORM_FOR_SYNTHETIC_CASE,SYN-004281,3,,,,,,,NOT_ANNOTATED
BLANK_HUMAN_ANNOTATION_FORM_FOR_SYNTHETIC_CASE,SYN-004558,1,,,,,,,NOT_ANNOTATED
BLANK_HUMAN_ANNOTATION_FORM_FOR_SYNTHETIC_CASE,SYN-004558,2,,,,,,,NOT_ANNOTATED
BLANK_HUMAN_ANNOTATION_FORM_FOR_SYNTHETIC_CASE,SYN-004558,3,,,,,,,NOT_ANNOTATED
BLANK_HUMAN_ANNOTATION_FORM_FOR_SYNTHETIC_CASE,SYN-004688,1,,,,,,,NOT_ANNOTATED
BLANK_HUMAN_ANNOTATION_FORM_FOR_SYNTHETIC_CASE,SYN-004688,2,,,,,,,NOT_ANNOTATED
BLANK_HUMAN_ANNOTATION_FORM_FOR_SYNTHETIC_CASE,SYN-004688,3,,,,,,,NOT_ANNOTATED
BLANK_HUMAN_ANNOTATION_FORM_FOR_SYNTHETIC_CASE,SYN-004261,1,,,,,,,NOT_ANNOTATED
BLANK_HUMAN_ANNOTATION_FORM_FOR_SYNTHETIC_CASE,SYN-004261,2,,,,,,,NOT_ANNOTATED
BLANK_HUMAN_ANNOTATION_FORM_FOR_SYNTHETIC_CASE,SYN-004261,3,,,,,,,NOT_ANNOTATED
BLANK_HUMAN_ANNOTATION_FORM_FOR_SYNTHETIC_CASE,SYN-004781,1,,,,,,,NOT_ANNOTATED
BLANK_HUMAN_ANNOTATION_FORM_FOR_SYNTHETIC_CASE,SYN-004781,2,,,,,,,NOT_ANNOTATED
BLANK_HUMAN_ANNOTATION_FORM_FOR_SYNTHETIC_CASE,SYN-004781,3,,,,,,,NOT_ANNOTATED
BLANK_HUMAN_ANNOTATION_FORM_FOR_SYNTHETIC_CASE,SYN-004625,1,,,,,,,NOT_ANNOTATED
BLANK_HUMAN_ANNOTATION_FORM_FOR_SYNTHETIC_CASE,SYN-004625,2,,,,,,,NOT_ANNOTATED
BLANK_HUMAN_ANNOTATION_FORM_FOR_SYNTHETIC_CASE,SYN-004625,3,,,,,,,NOT_ANNOTATED
BLANK_HUMAN_ANNOTATION_FORM_FOR_SYNTHETIC_CASE,SYN-004367,1,,,,,,,NOT_ANNOTATED
BLANK_HUMAN_ANNOTATION_FORM_FOR_SYNTHETIC_CASE,SYN-004367,2,,,,,,,NOT_ANNOTATED
BLANK_HUMAN_ANNOTATION_FORM_FOR_SYNTHETIC_CASE,SYN-004367,3,,,,,,,NOT_ANNOTATED
BLANK_HUMAN_ANNOTATION_FORM_FOR_SYNTHETIC_CASE,SYN-004212,1,,,,,,,NOT_ANNOTATED
BLANK_HUMAN_ANNOTATION_FORM_FOR_SYNTHETIC_CASE,SYN-004212,2,,,,,,,NOT_ANNOTATED
BLANK_HUMAN_ANNOTATION_FORM_FOR_SYNTHETIC_CASE,SYN-004212,3,,,,,,,NOT_ANNOTATED
BLANK_HUMAN_ANNOTATION_FORM_FOR_SYNTHETIC_CASE,SYN-004683,1,,,,,,,NOT_ANNOTATED
BLANK_HUMAN_ANNOTATION_FORM_FOR_SYNTHETIC_CASE,SYN-004683,2,,,,,,,NOT_ANNOTATED
BLANK_HUMAN_ANNOTATION_FORM_FOR_SYNTHETIC_CASE,SYN-004683,3,,,,,,,NOT_ANNOTATED
BLANK_HUMAN_ANNOTATION_FORM_FOR_SYNTHETIC_CASE,SYN-004916,1,,,,,,,NOT_ANNOTATED
BLANK_HUMAN_ANNOTATION_FORM_FOR_SYNTHETIC_CASE,SYN-004916,2,,,,,,,NOT_ANNOTATED
BLANK_HUMAN_ANNOTATION_FORM_FOR_SYNTHETIC_CASE,SYN-004916,3,,,,,,,NOT_ANNOTATED
BLANK_HUMAN_ANNOTATION_FORM_FOR_SYNTHETIC_CASE,SYN-004339,1,,,,,,,NOT_ANNOTATED
BLANK_HUMAN_ANNOTATION_FORM_FOR_SYNTHETIC_CASE,SYN-004339,2,,,,,,,NOT_ANNOTATED
BLANK_HUMAN_ANNOTATION_FORM_FOR_SYNTHETIC_CASE,SYN-004339,3,,,,,,,NOT_ANNOTATED
BLANK_HUMAN_ANNOTATION_FORM_FOR_SYNTHETIC_CASE,SYN-004478,1,,,,,,,NOT_ANNOTATED
BLANK_HUMAN_ANNOTATION_FORM_FOR_SYNTHETIC_CASE,SYN-004478,2,,,,,,,NOT_ANNOTATED
BLANK_HUMAN_ANNOTATION_FORM_FOR_SYNTHETIC_CASE,SYN-004478,3,,,,,,,NOT_ANNOTATED
BLANK_HUMAN_ANNOTATION_FORM_FOR_SYNTHETIC_CASE,SYN-004342,1,,,,,,,NOT_ANNOTATED
BLANK_HUMAN_ANNOTATION_FORM_FOR_SYNTHETIC_CASE,SYN-004342,2,,,,,,,NOT_ANNOTATED
BLANK_HUMAN_ANNOTATION_FORM_FOR_SYNTHETIC_CASE,SYN-004342,3,,,,,,,NOT_ANNOTATED
BLANK_HUMAN_ANNOTATION_FORM_FOR_SYNTHETIC_CASE,SYN-004724,1,,,,,,,NOT_ANNOTATED
BLANK_HUMAN_ANNOTATION_FORM_FOR_SYNTHETIC_CASE,SYN-004724,2,,,,,,,NOT_ANNOTATED
BLANK_HUMAN_ANNOTATION_FORM_FOR_SYNTHETIC_CASE,SYN-004724,3,,,,,,,NOT_ANNOTATED
BLANK_HUMAN_ANNOTATION_FORM_FOR_SYNTHETIC_CASE,SYN-004849,1,,,,,,,NOT_ANNOTATED
BLANK_HUMAN_ANNOTATION_FORM_FOR_SYNTHETIC_CASE,SYN-004849,2,,,,,,,NOT_ANNOTATED
BLANK_HUMAN_ANNOTATION_FORM_FOR_SYNTHETIC_CASE,SYN-004849,3,,,,,,,NOT_ANNOTATED
BLANK_HUMAN_ANNOTATION_FORM_FOR_SYNTHETIC_CASE,SYN-004267,1,,,,,,,NOT_ANNOTATED
BLANK_HUMAN_ANNOTATION_FORM_FOR_SYNTHETIC_CASE,SYN-004267,2,,,,,,,NOT_ANNOTATED
BLANK_HUMAN_ANNOTATION_FORM_FOR_SYNTHETIC_CASE,SYN-004267,3,,,,,,,NOT_ANNOTATED
BLANK_HUMAN_ANNOTATION_FORM_FOR_SYNTHETIC_CASE,SYN-004473,1,,,,,,,NOT_ANNOTATED
BLANK_HUMAN_ANNOTATION_FORM_FOR_SYNTHETIC_CASE,SYN-004473,2,,,,,,,NOT_ANNOTATED
BLANK_HUMAN_ANNOTATION_FORM_FOR_SYNTHETIC_CASE,SYN-004473,3,,,,,,,NOT_ANNOTATED
BLANK_HUMAN_ANNOTATION_FORM_FOR_SYNTHETIC_CASE,SYN-004257,1,,,,,,,NOT_ANNOTATED
BLANK_HUMAN_ANNOTATION_FORM_FOR_SYNTHETIC_CASE,SYN-004257,2,,,,,,,NOT_ANNOTATED
BLANK_HUMAN_ANNOTATION_FORM_FOR_SYNTHETIC_CASE,SYN-004257,3,,,,,,,NOT_ANNOTATED
BLANK_HUMAN_ANNOTATION_FORM_FOR_SYNTHETIC_CASE,SYN-004221,1,,,,,,,NOT_ANNOTATED
BLANK_HUMAN_ANNOTATION_FORM_FOR_SYNTHETIC_CASE,SYN-004221,2,,,,,,,NOT_ANNOTATED
BLANK_HUMAN_ANNOTATION_FORM_FOR_SYNTHETIC_CASE,SYN-004221,3,,,,,,,NOT_ANNOTATED
BLANK_HUMAN_ANNOTATION_FORM_FOR_SYNTHETIC_CASE,SYN-004504,1,,,,,,,NOT_ANNOTATED
BLANK_HUMAN_ANNOTATION_FORM_FOR_SYNTHETIC_CASE,SYN-004504,2,,,,,,,NOT_ANNOTATED
BLANK_HUMAN_ANNOTATION_FORM_FOR_SYNTHETIC_CASE,SYN-004504,3,,,,,,,NOT_ANNOTATED
BLANK_HUMAN_ANNOTATION_FORM_FOR_SYNTHETIC_CASE,SYN-004570,1,,,,,,,NOT_ANNOTATED
BLANK_HUMAN_ANNOTATION_FORM_FOR_SYNTHETIC_CASE,SYN-004570,2,,,,,,,NOT_ANNOTATED
BLANK_HUMAN_ANNOTATION_FORM_FOR_SYNTHETIC_CASE,SYN-004570,3,,,,,,,NOT_ANNOTATED
BLANK_HUMAN_ANNOTATION_FORM_FOR_SYNTHETIC_CASE,SYN-004658,1,,,,,,,NOT_ANNOTATED
BLANK_HUMAN_ANNOTATION_FORM_FOR_SYNTHETIC_CASE,SYN-004658,2,,,,,,,NOT_ANNOTATED
BLANK_HUMAN_ANNOTATION_FORM_FOR_SYNTHETIC_CASE,SYN-004658,3,,,,,,,NOT_ANNOTATED
BLANK_HUMAN_ANNOTATION_FORM_FOR_SYNTHETIC_CASE,SYN-004767,1,,,,,,,NOT_ANNOTATED
BLANK_HUMAN_ANNOTATION_FORM_FOR_SYNTHETIC_CASE,SYN-004767,2,,,,,,,NOT_ANNOTATED
BLANK_HUMAN_ANNOTATION_FORM_FOR_SYNTHETIC_CASE,SYN-004767,3,,,,,,,NOT_ANNOTATED
BLANK_HUMAN_ANNOTATION_FORM_FOR_SYNTHETIC_CASE,SYN-004283,1,,,,,,,NOT_ANNOTATED
BLANK_HUMAN_ANNOTATION_FORM_FOR_SYNTHETIC_CASE,SYN-004283,2,,,,,,,NOT_ANNOTATED
BLANK_HUMAN_ANNOTATION_FORM_FOR_SYNTHETIC_CASE,SYN-004283,3,,,,,,,NOT_ANNOTATED
BLANK_HUMAN_ANNOTATION_FORM_FOR_SYNTHETIC_CASE,SYN-004738,1,,,,,,,NOT_ANNOTATED
BLANK_HUMAN_ANNOTATION_FORM_FOR_SYNTHETIC_CASE,SYN-004738,2,,,,,,,NOT_ANNOTATED
BLANK_HUMAN_ANNOTATION_FORM_FOR_SYNTHETIC_CASE,SYN-004738,3,,,,,,,NOT_ANNOTATED
BLANK_HUMAN_ANNOTATION_FORM_FOR_SYNTHETIC_CASE,SYN-004616,1,,,,,,,NOT_ANNOTATED
BLANK_HUMAN_ANNOTATION_FORM_FOR_SYNTHETIC_CASE,SYN-004616,2,,,,,,,NOT_ANNOTATED
BLANK_HUMAN_ANNOTATION_FORM_FOR_SYNTHETIC_CASE,SYN-004616,3,,,,,,,NOT_ANNOTATED
BLANK_HUMAN_ANNOTATION_FORM_FOR_SYNTHETIC_CASE,SYN-004488,1,,,,,,,NOT_ANNOTATED
BLANK_HUMAN_ANNOTATION_FORM_FOR_SYNTHETIC_CASE,SYN-004488,2,,,,,,,NOT_ANNOTATED
BLANK_HUMAN_ANNOTATION_FORM_FOR_SYNTHETIC_CASE,SYN-004488,3,,,,,,,NOT_ANNOTATED
BLANK_HUMAN_ANNOTATION_FORM_FOR_SYNTHETIC_CASE,SYN-004541,1,,,,,,,NOT_ANNOTATED
BLANK_HUMAN_ANNOTATION_FORM_FOR_SYNTHETIC_CASE,SYN-004541,2,,,,,,,NOT_ANNOTATED
BLANK_HUMAN_ANNOTATION_FORM_FOR_SYNTHETIC_CASE,SYN-004541,3,,,,,,,NOT_ANNOTATED
BLANK_HUMAN_ANNOTATION_FORM_FOR_SYNTHETIC_CASE,SYN-004880,1,,,,,,,NOT_ANNOTATED
BLANK_HUMAN_ANNOTATION_FORM_FOR_SYNTHETIC_CASE,SYN-004880,2,,,,,,,NOT_ANNOTATED
BLANK_HUMAN_ANNOTATION_FORM_FOR_SYNTHETIC_CASE,SYN-004880,3,,,,,,,NOT_ANNOTATED
BLANK_HUMAN_ANNOTATION_FORM_FOR_SYNTHETIC_CASE,SYN-004442,1,,,,,,,NOT_ANNOTATED
BLANK_HUMAN_ANNOTATION_FORM_FOR_SYNTHETIC_CASE,SYN-004442,2,,,,,,,NOT_ANNOTATED
BLANK_HUMAN_ANNOTATION_FORM_FOR_SYNTHETIC_CASE,SYN-004442,3,,,,,,,NOT_ANNOTATED
BLANK_HUMAN_ANNOTATION_FORM_FOR_SYNTHETIC_CASE,SYN-004280,1,,,,,,,NOT_ANNOTATED
BLANK_HUMAN_ANNOTATION_FORM_FOR_SYNTHETIC_CASE,SYN-004280,2,,,,,,,NOT_ANNOTATED
BLANK_HUMAN_ANNOTATION_FORM_FOR_SYNTHETIC_CASE,SYN-004280,3,,,,,,,NOT_ANNOTATED
BLANK_HUMAN_ANNOTATION_FORM_FOR_SYNTHETIC_CASE,SYN-004225,1,,,,,,,NOT_ANNOTATED
BLANK_HUMAN_ANNOTATION_FORM_FOR_SYNTHETIC_CASE,SYN-004225,2,,,,,,,NOT_ANNOTATED
BLANK_HUMAN_ANNOTATION_FORM_FOR_SYNTHETIC_CASE,SYN-004225,3,,,,,,,NOT_ANNOTATED
BLANK_HUMAN_ANNOTATION_FORM_FOR_SYNTHETIC_CASE,SYN-004949,1,,,,,,,NOT_ANNOTATED
BLANK_HUMAN_ANNOTATION_FORM_FOR_SYNTHETIC_CASE,SYN-004949,2,,,,,,,NOT_ANNOTATED
BLANK_HUMAN_ANNOTATION_FORM_FOR_SYNTHETIC_CASE,SYN-004949,3,,,,,,,NOT_ANNOTATED
BLANK_HUMAN_ANNOTATION_FORM_FOR_SYNTHETIC_CASE,SYN-004970,1,,,,,,,NOT_ANNOTATED
BLANK_HUMAN_ANNOTATION_FORM_FOR_SYNTHETIC_CASE,SYN-004970,2,,,,,,,NOT_ANNOTATED
BLANK_HUMAN_ANNOTATION_FORM_FOR_SYNTHETIC_CASE,SYN-004970,3,,,,,,,NOT_ANNOTATED
BLANK_HUMAN_ANNOTATION_FORM_FOR_SYNTHETIC_CASE,SYN-004904,1,,,,,,,NOT_ANNOTATED
BLANK_HUMAN_ANNOTATION_FORM_FOR_SYNTHETIC_CASE,SYN-004904,2,,,,,,,NOT_ANNOTATED
BLANK_HUMAN_ANNOTATION_FORM_FOR_SYNTHETIC_CASE,SYN-004904,3,,,,,,,NOT_ANNOTATED
BLANK_HUMAN_ANNOTATION_FORM_FOR_SYNTHETIC_CASE,SYN-004278,1,,,,,,,NOT_ANNOTATED
BLANK_HUMAN_ANNOTATION_FORM_FOR_SYNTHETIC_CASE,SYN-004278,2,,,,,,,NOT_ANNOTATED
BLANK_HUMAN_ANNOTATION_FORM_FOR_SYNTHETIC_CASE,SYN-004278,3,,,,,,,NOT_ANNOTATED
BLANK_HUMAN_ANNOTATION_FORM_FOR_SYNTHETIC_CASE,SYN-004958,1,,,,,,,NOT_ANNOTATED
BLANK_HUMAN_ANNOTATION_FORM_FOR_SYNTHETIC_CASE,SYN-004958,2,,,,,,,NOT_ANNOTATED
BLANK_HUMAN_ANNOTATION_FORM_FOR_SYNTHETIC_CASE,SYN-004958,3,,,,,,,NOT_ANNOTATED
BLANK_HUMAN_ANNOTATION_FORM_FOR_SYNTHETIC_CASE,SYN-004909,1,,,,,,,NOT_ANNOTATED
BLANK_HUMAN_ANNOTATION_FORM_FOR_SYNTHETIC_CASE,SYN-004909,2,,,,,,,NOT_ANNOTATED
BLANK_HUMAN_ANNOTATION_FORM_FOR_SYNTHETIC_CASE,SYN-004909,3,,,,,,,NOT_ANNOTATED
BLANK_HUMAN_ANNOTATION_FORM_FOR_SYNTHETIC_CASE,SYN-004702,1,,,,,,,NOT_ANNOTATED
BLANK_HUMAN_ANNOTATION_FORM_FOR_SYNTHETIC_CASE,SYN-004702,2,,,,,,,NOT_ANNOTATED
BLANK_HUMAN_ANNOTATION_FORM_FOR_SYNTHETIC_CASE,SYN-004702,3,,,,,,,NOT_ANNOTATED
BLANK_HUMAN_ANNOTATION_FORM_FOR_SYNTHETIC_CASE,SYN-004252,1,,,,,,,NOT_ANNOTATED
BLANK_HUMAN_ANNOTATION_FORM_FOR_SYNTHETIC_CASE,SYN-004252,2,,,,,,,NOT_ANNOTATED
BLANK_HUMAN_ANNOTATION_FORM_FOR_SYNTHETIC_CASE,SYN-004252,3,,,,,,,NOT_ANNOTATED
BLANK_HUMAN_ANNOTATION_FORM_FOR_SYNTHETIC_CASE,SYN-004395,1,,,,,,,NOT_ANNOTATED
BLANK_HUMAN_ANNOTATION_FORM_FOR_SYNTHETIC_CASE,SYN-004395,2,,,,,,,NOT_ANNOTATED
BLANK_HUMAN_ANNOTATION_FORM_FOR_SYNTHETIC_CASE,SYN-004395,3,,,,,,,NOT_ANNOTATED
BLANK_HUMAN_ANNOTATION_FORM_FOR_SYNTHETIC_CASE,SYN-004745,1,,,,,,,NOT_ANNOTATED
BLANK_HUMAN_ANNOTATION_FORM_FOR_SYNTHETIC_CASE,SYN-004745,2,,,,,,,NOT_ANNOTATED
BLANK_HUMAN_ANNOTATION_FORM_FOR_SYNTHETIC_CASE,SYN-004745,3,,,,,,,NOT_ANNOTATED
BLANK_HUMAN_ANNOTATION_FORM_FOR_SYNTHETIC_CASE,SYN-004286,1,,,,,,,NOT_ANNOTATED
BLANK_HUMAN_ANNOTATION_FORM_FOR_SYNTHETIC_CASE,SYN-004286,2,,,,,,,NOT_ANNOTATED
BLANK_HUMAN_ANNOTATION_FORM_FOR_SYNTHETIC_CASE,SYN-004286,3,,,,,,,NOT_ANNOTATED
BLANK_HUMAN_ANNOTATION_FORM_FOR_SYNTHETIC_CASE,SYN-004501,1,,,,,,,NOT_ANNOTATED
BLANK_HUMAN_ANNOTATION_FORM_FOR_SYNTHETIC_CASE,SYN-004501,2,,,,,,,NOT_ANNOTATED
BLANK_HUMAN_ANNOTATION_FORM_FOR_SYNTHETIC_CASE,SYN-004501,3,,,,,,,NOT_ANNOTATED
BLANK_HUMAN_ANNOTATION_FORM_FOR_SYNTHETIC_CASE,SYN-004618,1,,,,,,,NOT_ANNOTATED
BLANK_HUMAN_ANNOTATION_FORM_FOR_SYNTHETIC_CASE,SYN-004618,2,,,,,,,NOT_ANNOTATED
BLANK_HUMAN_ANNOTATION_FORM_FOR_SYNTHETIC_CASE,SYN-004618,3,,,,,,,NOT_ANNOTATED
BLANK_HUMAN_ANNOTATION_FORM_FOR_SYNTHETIC_CASE,SYN-004655,1,,,,,,,NOT_ANNOTATED
BLANK_HUMAN_ANNOTATION_FORM_FOR_SYNTHETIC_CASE,SYN-004655,2,,,,,,,NOT_ANNOTATED
BLANK_HUMAN_ANNOTATION_FORM_FOR_SYNTHETIC_CASE,SYN-004655,3,,,,,,,NOT_ANNOTATED
BLANK_HUMAN_ANNOTATION_FORM_FOR_SYNTHETIC_CASE,SYN-004447,1,,,,,,,NOT_ANNOTATED
BLANK_HUMAN_ANNOTATION_FORM_FOR_SYNTHETIC_CASE,SYN-004447,2,,,,,,,NOT_ANNOTATED
BLANK_HUMAN_ANNOTATION_FORM_FOR_SYNTHETIC_CASE,SYN-004447,3,,,,,,,NOT_ANNOTATED
BLANK_HUMAN_ANNOTATION_FORM_FOR_SYNTHETIC_CASE,SYN-004534,1,,,,,,,NOT_ANNOTATED
BLANK_HUMAN_ANNOTATION_FORM_FOR_SYNTHETIC_CASE,SYN-004534,2,,,,,,,NOT_ANNOTATED
BLANK_HUMAN_ANNOTATION_FORM_FOR_SYNTHETIC_CASE,SYN-004534,3,,,,,,,NOT_ANNOTATED
BLANK_HUMAN_ANNOTATION_FORM_FOR_SYNTHETIC_CASE,SYN-004713,1,,,,,,,NOT_ANNOTATED
BLANK_HUMAN_ANNOTATION_FORM_FOR_SYNTHETIC_CASE,SYN-004713,2,,,,,,,NOT_ANNOTATED
BLANK_HUMAN_ANNOTATION_FORM_FOR_SYNTHETIC_CASE,SYN-004713,3,,,,,,,NOT_ANNOTATED
BLANK_HUMAN_ANNOTATION_FORM_FOR_SYNTHETIC_CASE,SYN-004436,1,,,,,,,NOT_ANNOTATED
BLANK_HUMAN_ANNOTATION_FORM_FOR_SYNTHETIC_CASE,SYN-004436,2,,,,,,,NOT_ANNOTATED
BLANK_HUMAN_ANNOTATION_FORM_FOR_SYNTHETIC_CASE,SYN-004436,3,,,,,,,NOT_ANNOTATED
BLANK_HUMAN_ANNOTATION_FORM_FOR_SYNTHETIC_CASE,SYN-004730,1,,,,,,,NOT_ANNOTATED
BLANK_HUMAN_ANNOTATION_FORM_FOR_SYNTHETIC_CASE,SYN-004730,2,,,,,,,NOT_ANNOTATED
BLANK_HUMAN_ANNOTATION_FORM_FOR_SYNTHETIC_CASE,SYN-004730,3,,,,,,,NOT_ANNOTATED
BLANK_HUMAN_ANNOTATION_FORM_FOR_SYNTHETIC_CASE,SYN-004573,1,,,,,,,NOT_ANNOTATED
BLANK_HUMAN_ANNOTATION_FORM_FOR_SYNTHETIC_CASE,SYN-004573,2,,,,,,,NOT_ANNOTATED
BLANK_HUMAN_ANNOTATION_FORM_FOR_SYNTHETIC_CASE,SYN-004573,3,,,,,,,NOT_ANNOTATED
BLANK_HUMAN_ANNOTATION_FORM_FOR_SYNTHETIC_CASE,SYN-004161,1,,,,,,,NOT_ANNOTATED
BLANK_HUMAN_ANNOTATION_FORM_FOR_SYNTHETIC_CASE,SYN-004161,2,,,,,,,NOT_ANNOTATED
BLANK_HUMAN_ANNOTATION_FORM_FOR_SYNTHETIC_CASE,SYN-004161,3,,,,,,,NOT_ANNOTATED
BLANK_HUMAN_ANNOTATION_FORM_FOR_SYNTHETIC_CASE,SYN-004361,1,,,,,,,NOT_ANNOTATED
BLANK_HUMAN_ANNOTATION_FORM_FOR_SYNTHETIC_CASE,SYN-004361,2,,,,,,,NOT_ANNOTATED
BLANK_HUMAN_ANNOTATION_FORM_FOR_SYNTHETIC_CASE,SYN-004361,3,,,,,,,NOT_ANNOTATED
BLANK_HUMAN_ANNOTATION_FORM_FOR_SYNTHETIC_CASE,SYN-004914,1,,,,,,,NOT_ANNOTATED
BLANK_HUMAN_ANNOTATION_FORM_FOR_SYNTHETIC_CASE,SYN-004914,2,,,,,,,NOT_ANNOTATED
BLANK_HUMAN_ANNOTATION_FORM_FOR_SYNTHETIC_CASE,SYN-004914,3,,,,,,,NOT_ANNOTATED
BLANK_HUMAN_ANNOTATION_FORM_FOR_SYNTHETIC_CASE,SYN-004617,1,,,,,,,NOT_ANNOTATED
BLANK_HUMAN_ANNOTATION_FORM_FOR_SYNTHETIC_CASE,SYN-004617,2,,,,,,,NOT_ANNOTATED
BLANK_HUMAN_ANNOTATION_FORM_FOR_SYNTHETIC_CASE,SYN-004617,3,,,,,,,NOT_ANNOTATED
BLANK_HUMAN_ANNOTATION_FORM_FOR_SYNTHETIC_CASE,SYN-004529,1,,,,,,,NOT_ANNOTATED
BLANK_HUMAN_ANNOTATION_FORM_FOR_SYNTHETIC_CASE,SYN-004529,2,,,,,,,NOT_ANNOTATED
BLANK_HUMAN_ANNOTATION_FORM_FOR_SYNTHETIC_CASE,SYN-004529,3,,,,,,,NOT_ANNOTATED
BLANK_HUMAN_ANNOTATION_FORM_FOR_SYNTHETIC_CASE,SYN-004288,1,,,,,,,NOT_ANNOTATED
BLANK_HUMAN_ANNOTATION_FORM_FOR_SYNTHETIC_CASE,SYN-004288,2,,,,,,,NOT_ANNOTATED
BLANK_HUMAN_ANNOTATION_FORM_FOR_SYNTHETIC_CASE,SYN-004288,3,,,,,,,NOT_ANNOTATED
BLANK_HUMAN_ANNOTATION_FORM_FOR_SYNTHETIC_CASE,SYN-004945,1,,,,,,,NOT_ANNOTATED
BLANK_HUMAN_ANNOTATION_FORM_FOR_SYNTHETIC_CASE,SYN-004945,2,,,,,,,NOT_ANNOTATED
BLANK_HUMAN_ANNOTATION_FORM_FOR_SYNTHETIC_CASE,SYN-004945,3,,,,,,,NOT_ANNOTATED
BLANK_HUMAN_ANNOTATION_FORM_FOR_SYNTHETIC_CASE,SYN-004528,1,,,,,,,NOT_ANNOTATED
BLANK_HUMAN_ANNOTATION_FORM_FOR_SYNTHETIC_CASE,SYN-004528,2,,,,,,,NOT_ANNOTATED
BLANK_HUMAN_ANNOTATION_FORM_FOR_SYNTHETIC_CASE,SYN-004528,3,,,,,,,NOT_ANNOTATED
BLANK_HUMAN_ANNOTATION_FORM_FOR_SYNTHETIC_CASE,SYN-004309,1,,,,,,,NOT_ANNOTATED
BLANK_HUMAN_ANNOTATION_FORM_FOR_SYNTHETIC_CASE,SYN-004309,2,,,,,,,NOT_ANNOTATED
BLANK_HUMAN_ANNOTATION_FORM_FOR_SYNTHETIC_CASE,SYN-004309,3,,,,,,,NOT_ANNOTATED
BLANK_HUMAN_ANNOTATION_FORM_FOR_SYNTHETIC_CASE,SYN-004627,1,,,,,,,NOT_ANNOTATED
BLANK_HUMAN_ANNOTATION_FORM_FOR_SYNTHETIC_CASE,SYN-004627,2,,,,,,,NOT_ANNOTATED
BLANK_HUMAN_ANNOTATION_FORM_FOR_SYNTHETIC_CASE,SYN-004627,3,,,,,,,NOT_ANNOTATED
BLANK_HUMAN_ANNOTATION_FORM_FOR_SYNTHETIC_CASE,SYN-004220,1,,,,,,,NOT_ANNOTATED
BLANK_HUMAN_ANNOTATION_FORM_FOR_SYNTHETIC_CASE,SYN-004220,2,,,,,,,NOT_ANNOTATED
BLANK_HUMAN_ANNOTATION_FORM_FOR_SYNTHETIC_CASE,SYN-004220,3,,,,,,,NOT_ANNOTATED
BLANK_HUMAN_ANNOTATION_FORM_FOR_SYNTHETIC_CASE,SYN-004233,1,,,,,,,NOT_ANNOTATED
BLANK_HUMAN_ANNOTATION_FORM_FOR_SYNTHETIC_CASE,SYN-004233,2,,,,,,,NOT_ANNOTATED
BLANK_HUMAN_ANNOTATION_FORM_FOR_SYNTHETIC_CASE,SYN-004233,3,,,,,,,NOT_ANNOTATED
BLANK_HUMAN_ANNOTATION_FORM_FOR_SYNTHETIC_CASE,SYN-004728,1,,,,,,,NOT_ANNOTATED
BLANK_HUMAN_ANNOTATION_FORM_FOR_SYNTHETIC_CASE,SYN-004728,2,,,,,,,NOT_ANNOTATED
BLANK_HUMAN_ANNOTATION_FORM_FOR_SYNTHETIC_CASE,SYN-004728,3,,,,,,,NOT_ANNOTATED
BLANK_HUMAN_ANNOTATION_FORM_FOR_SYNTHETIC_CASE,SYN-004429,1,,,,,,,NOT_ANNOTATED
BLANK_HUMAN_ANNOTATION_FORM_FOR_SYNTHETIC_CASE,SYN-004429,2,,,,,,,NOT_ANNOTATED
BLANK_HUMAN_ANNOTATION_FORM_FOR_SYNTHETIC_CASE,SYN-004429,3,,,,,,,NOT_ANNOTATED
BLANK_HUMAN_ANNOTATION_FORM_FOR_SYNTHETIC_CASE,SYN-004289,1,,,,,,,NOT_ANNOTATED
BLANK_HUMAN_ANNOTATION_FORM_FOR_SYNTHETIC_CASE,SYN-004289,2,,,,,,,NOT_ANNOTATED
BLANK_HUMAN_ANNOTATION_FORM_FOR_SYNTHETIC_CASE,SYN-004289,3,,,,,,,NOT_ANNOTATED
BLANK_HUMAN_ANNOTATION_FORM_FOR_SYNTHETIC_CASE,SYN-004389,1,,,,,,,NOT_ANNOTATED
BLANK_HUMAN_ANNOTATION_FORM_FOR_SYNTHETIC_CASE,SYN-004389,2,,,,,,,NOT_ANNOTATED
BLANK_HUMAN_ANNOTATION_FORM_FOR_SYNTHETIC_CASE,SYN-004389,3,,,,,,,NOT_ANNOTATED
BLANK_HUMAN_ANNOTATION_FORM_FOR_SYNTHETIC_CASE,SYN-004878,1,,,,,,,NOT_ANNOTATED
BLANK_HUMAN_ANNOTATION_FORM_FOR_SYNTHETIC_CASE,SYN-004878,2,,,,,,,NOT_ANNOTATED
BLANK_HUMAN_ANNOTATION_FORM_FOR_SYNTHETIC_CASE,SYN-004878,3,,,,,,,NOT_ANNOTATED
BLANK_HUMAN_ANNOTATION_FORM_FOR_SYNTHETIC_CASE,SYN-004539,1,,,,,,,NOT_ANNOTATED
BLANK_HUMAN_ANNOTATION_FORM_FOR_SYNTHETIC_CASE,SYN-004539,2,,,,,,,NOT_ANNOTATED
BLANK_HUMAN_ANNOTATION_FORM_FOR_SYNTHETIC_CASE,SYN-004539,3,,,,,,,NOT_ANNOTATED
BLANK_HUMAN_ANNOTATION_FORM_FOR_SYNTHETIC_CASE,SYN-004228,1,,,,,,,NOT_ANNOTATED
BLANK_HUMAN_ANNOTATION_FORM_FOR_SYNTHETIC_CASE,SYN-004228,2,,,,,,,NOT_ANNOTATED
BLANK_HUMAN_ANNOTATION_FORM_FOR_SYNTHETIC_CASE,SYN-004228,3,,,,,,,NOT_ANNOTATED
BLANK_HUMAN_ANNOTATION_FORM_FOR_SYNTHETIC_CASE,SYN-004897,1,,,,,,,NOT_ANNOTATED
BLANK_HUMAN_ANNOTATION_FORM_FOR_SYNTHETIC_CASE,SYN-004897,2,,,,,,,NOT_ANNOTATED
BLANK_HUMAN_ANNOTATION_FORM_FOR_SYNTHETIC_CASE,SYN-004897,3,,,,,,,NOT_ANNOTATED
BLANK_HUMAN_ANNOTATION_FORM_FOR_SYNTHETIC_CASE,SYN-004235,1,,,,,,,NOT_ANNOTATED
BLANK_HUMAN_ANNOTATION_FORM_FOR_SYNTHETIC_CASE,SYN-004235,2,,,,,,,NOT_ANNOTATED
BLANK_HUMAN_ANNOTATION_FORM_FOR_SYNTHETIC_CASE,SYN-004235,3,,,,,,,NOT_ANNOTATED
BLANK_HUMAN_ANNOTATION_FORM_FOR_SYNTHETIC_CASE,SYN-004751,1,,,,,,,NOT_ANNOTATED
BLANK_HUMAN_ANNOTATION_FORM_FOR_SYNTHETIC_CASE,SYN-004751,2,,,,,,,NOT_ANNOTATED
BLANK_HUMAN_ANNOTATION_FORM_FOR_SYNTHETIC_CASE,SYN-004751,3,,,,,,,NOT_ANNOTATED
BLANK_HUMAN_ANNOTATION_FORM_FOR_SYNTHETIC_CASE,SYN-004742,1,,,,,,,NOT_ANNOTATED
BLANK_HUMAN_ANNOTATION_FORM_FOR_SYNTHETIC_CASE,SYN-004742,2,,,,,,,NOT_ANNOTATED
BLANK_HUMAN_ANNOTATION_FORM_FOR_SYNTHETIC_CASE,SYN-004742,3,,,,,,,NOT_ANNOTATED
BLANK_HUMAN_ANNOTATION_FORM_FOR_SYNTHETIC_CASE,SYN-004402,1,,,,,,,NOT_ANNOTATED
BLANK_HUMAN_ANNOTATION_FORM_FOR_SYNTHETIC_CASE,SYN-004402,2,,,,,,,NOT_ANNOTATED
BLANK_HUMAN_ANNOTATION_FORM_FOR_SYNTHETIC_CASE,SYN-004402,3,,,,,,,NOT_ANNOTATED
BLANK_HUMAN_ANNOTATION_FORM_FOR_SYNTHETIC_CASE,SYN-004185,1,,,,,,,NOT_ANNOTATED
BLANK_HUMAN_ANNOTATION_FORM_FOR_SYNTHETIC_CASE,SYN-004185,2,,,,,,,NOT_ANNOTATED
BLANK_HUMAN_ANNOTATION_FORM_FOR_SYNTHETIC_CASE,SYN-004185,3,,,,,,,NOT_ANNOTATED
BLANK_HUMAN_ANNOTATION_FORM_FOR_SYNTHETIC_CASE,SYN-004517,1,,,,,,,NOT_ANNOTATED
BLANK_HUMAN_ANNOTATION_FORM_FOR_SYNTHETIC_CASE,SYN-004517,2,,,,,,,NOT_ANNOTATED
BLANK_HUMAN_ANNOTATION_FORM_FOR_SYNTHETIC_CASE,SYN-004517,3,,,,,,,NOT_ANNOTATED
BLANK_HUMAN_ANNOTATION_FORM_FOR_SYNTHETIC_CASE,SYN-004564,1,,,,,,,NOT_ANNOTATED
BLANK_HUMAN_ANNOTATION_FORM_FOR_SYNTHETIC_CASE,SYN-004564,2,,,,,,,NOT_ANNOTATED
BLANK_HUMAN_ANNOTATION_FORM_FOR_SYNTHETIC_CASE,SYN-004564,3,,,,,,,NOT_ANNOTATED
BLANK_HUMAN_ANNOTATION_FORM_FOR_SYNTHETIC_CASE,SYN-004639,1,,,,,,,NOT_ANNOTATED
BLANK_HUMAN_ANNOTATION_FORM_FOR_SYNTHETIC_CASE,SYN-004639,2,,,,,,,NOT_ANNOTATED
BLANK_HUMAN_ANNOTATION_FORM_FOR_SYNTHETIC_CASE,SYN-004639,3,,,,,,,NOT_ANNOTATED
BLANK_HUMAN_ANNOTATION_FORM_FOR_SYNTHETIC_CASE,SYN-004675,1,,,,,,,NOT_ANNOTATED
BLANK_HUMAN_ANNOTATION_FORM_FOR_SYNTHETIC_CASE,SYN-004675,2,,,,,,,NOT_ANNOTATED
BLANK_HUMAN_ANNOTATION_FORM_FOR_SYNTHETIC_CASE,SYN-004675,3,,,,,,,NOT_ANNOTATED
BLANK_HUMAN_ANNOTATION_FORM_FOR_SYNTHETIC_CASE,SYN-004386,1,,,,,,,NOT_ANNOTATED
BLANK_HUMAN_ANNOTATION_FORM_FOR_SYNTHETIC_CASE,SYN-004386,2,,,,,,,NOT_ANNOTATED
BLANK_HUMAN_ANNOTATION_FORM_FOR_SYNTHETIC_CASE,SYN-004386,3,,,,,,,NOT_ANNOTATED
BLANK_HUMAN_ANNOTATION_FORM_FOR_SYNTHETIC_CASE,SYN-004195,1,,,,,,,NOT_ANNOTATED
BLANK_HUMAN_ANNOTATION_FORM_FOR_SYNTHETIC_CASE,SYN-004195,2,,,,,,,NOT_ANNOTATED
BLANK_HUMAN_ANNOTATION_FORM_FOR_SYNTHETIC_CASE,SYN-004195,3,,,,,,,NOT_ANNOTATED
BLANK_HUMAN_ANNOTATION_FORM_FOR_SYNTHETIC_CASE,SYN-004858,1,,,,,,,NOT_ANNOTATED
BLANK_HUMAN_ANNOTATION_FORM_FOR_SYNTHETIC_CASE,SYN-004858,2,,,,,,,NOT_ANNOTATED
BLANK_HUMAN_ANNOTATION_FORM_FOR_SYNTHETIC_CASE,SYN-004858,3,,,,,,,NOT_ANNOTATED
BLANK_HUMAN_ANNOTATION_FORM_FOR_SYNTHETIC_CASE,SYN-004200,1,,,,,,,NOT_ANNOTATED
BLANK_HUMAN_ANNOTATION_FORM_FOR_SYNTHETIC_CASE,SYN-004200,2,,,,,,,NOT_ANNOTATED
BLANK_HUMAN_ANNOTATION_FORM_FOR_SYNTHETIC_CASE,SYN-004200,3,,,,,,,NOT_ANNOTATED
BLANK_HUMAN_ANNOTATION_FORM_FOR_SYNTHETIC_CASE,SYN-004440,1,,,,,,,NOT_ANNOTATED
BLANK_HUMAN_ANNOTATION_FORM_FOR_SYNTHETIC_CASE,SYN-004440,2,,,,,,,NOT_ANNOTATED
BLANK_HUMAN_ANNOTATION_FORM_FOR_SYNTHETIC_CASE,SYN-004440,3,,,,,,,NOT_ANNOTATED
BLANK_HUMAN_ANNOTATION_FORM_FOR_SYNTHETIC_CASE,SYN-004609,1,,,,,,,NOT_ANNOTATED
BLANK_HUMAN_ANNOTATION_FORM_FOR_SYNTHETIC_CASE,SYN-004609,2,,,,,,,NOT_ANNOTATED
BLANK_HUMAN_ANNOTATION_FORM_FOR_SYNTHETIC_CASE,SYN-004609,3,,,,,,,NOT_ANNOTATED
BLANK_HUMAN_ANNOTATION_FORM_FOR_SYNTHETIC_CASE,SYN-004266,1,,,,,,,NOT_ANNOTATED
BLANK_HUMAN_ANNOTATION_FORM_FOR_SYNTHETIC_CASE,SYN-004266,2,,,,,,,NOT_ANNOTATED
BLANK_HUMAN_ANNOTATION_FORM_FOR_SYNTHETIC_CASE,SYN-004266,3,,,,,,,NOT_ANNOTATED
BLANK_HUMAN_ANNOTATION_FORM_FOR_SYNTHETIC_CASE,SYN-004861,1,,,,,,,NOT_ANNOTATED
BLANK_HUMAN_ANNOTATION_FORM_FOR_SYNTHETIC_CASE,SYN-004861,2,,,,,,,NOT_ANNOTATED
BLANK_HUMAN_ANNOTATION_FORM_FOR_SYNTHETIC_CASE,SYN-004861,3,,,,,,,NOT_ANNOTATED
BLANK_HUMAN_ANNOTATION_FORM_FOR_SYNTHETIC_CASE,SYN-004867,1,,,,,,,NOT_ANNOTATED
BLANK_HUMAN_ANNOTATION_FORM_FOR_SYNTHETIC_CASE,SYN-004867,2,,,,,,,NOT_ANNOTATED
BLANK_HUMAN_ANNOTATION_FORM_FOR_SYNTHETIC_CASE,SYN-004867,3,,,,,,,NOT_ANNOTATED
BLANK_HUMAN_ANNOTATION_FORM_FOR_SYNTHETIC_CASE,SYN-004782,1,,,,,,,NOT_ANNOTATED
BLANK_HUMAN_ANNOTATION_FORM_FOR_SYNTHETIC_CASE,SYN-004782,2,,,,,,,NOT_ANNOTATED
BLANK_HUMAN_ANNOTATION_FORM_FOR_SYNTHETIC_CASE,SYN-004782,3,,,,,,,NOT_ANNOTATED
BLANK_HUMAN_ANNOTATION_FORM_FOR_SYNTHETIC_CASE,SYN-004226,1,,,,,,,NOT_ANNOTATED
BLANK_HUMAN_ANNOTATION_FORM_FOR_SYNTHETIC_CASE,SYN-004226,2,,,,,,,NOT_ANNOTATED
BLANK_HUMAN_ANNOTATION_FORM_FOR_SYNTHETIC_CASE,SYN-004226,3,,,,,,,NOT_ANNOTATED
BLANK_HUMAN_ANNOTATION_FORM_FOR_SYNTHETIC_CASE,SYN-004495,1,,,,,,,NOT_ANNOTATED
BLANK_HUMAN_ANNOTATION_FORM_FOR_SYNTHETIC_CASE,SYN-004495,2,,,,,,,NOT_ANNOTATED
BLANK_HUMAN_ANNOTATION_FORM_FOR_SYNTHETIC_CASE,SYN-004495,3,,,,,,,NOT_ANNOTATED
BLANK_HUMAN_ANNOTATION_FORM_FOR_SYNTHETIC_CASE,SYN-004236,1,,,,,,,NOT_ANNOTATED
BLANK_HUMAN_ANNOTATION_FORM_FOR_SYNTHETIC_CASE,SYN-004236,2,,,,,,,NOT_ANNOTATED
BLANK_HUMAN_ANNOTATION_FORM_FOR_SYNTHETIC_CASE,SYN-004236,3,,,,,,,NOT_ANNOTATED
BLANK_HUMAN_ANNOTATION_FORM_FOR_SYNTHETIC_CASE,SYN-004876,1,,,,,,,NOT_ANNOTATED
BLANK_HUMAN_ANNOTATION_FORM_FOR_SYNTHETIC_CASE,SYN-004876,2,,,,,,,NOT_ANNOTATED
BLANK_HUMAN_ANNOTATION_FORM_FOR_SYNTHETIC_CASE,SYN-004876,3,,,,,,,NOT_ANNOTATED
BLANK_HUMAN_ANNOTATION_FORM_FOR_SYNTHETIC_CASE,SYN-004196,1,,,,,,,NOT_ANNOTATED
BLANK_HUMAN_ANNOTATION_FORM_FOR_SYNTHETIC_CASE,SYN-004196,2,,,,,,,NOT_ANNOTATED
BLANK_HUMAN_ANNOTATION_FORM_FOR_SYNTHETIC_CASE,SYN-004196,3,,,,,,,NOT_ANNOTATED
BLANK_HUMAN_ANNOTATION_FORM_FOR_SYNTHETIC_CASE,SYN-004643,1,,,,,,,NOT_ANNOTATED
BLANK_HUMAN_ANNOTATION_FORM_FOR_SYNTHETIC_CASE,SYN-004643,2,,,,,,,NOT_ANNOTATED
BLANK_HUMAN_ANNOTATION_FORM_FOR_SYNTHETIC_CASE,SYN-004643,3,,,,,,,NOT_ANNOTATED
BLANK_HUMAN_ANNOTATION_FORM_FOR_SYNTHETIC_CASE,SYN-004694,1,,,,,,,NOT_ANNOTATED
BLANK_HUMAN_ANNOTATION_FORM_FOR_SYNTHETIC_CASE,SYN-004694,2,,,,,,,NOT_ANNOTATED
BLANK_HUMAN_ANNOTATION_FORM_FOR_SYNTHETIC_CASE,SYN-004694,3,,,,,,,NOT_ANNOTATED
BLANK_HUMAN_ANNOTATION_FORM_FOR_SYNTHETIC_CASE,SYN-004865,1,,,,,,,NOT_ANNOTATED
BLANK_HUMAN_ANNOTATION_FORM_FOR_SYNTHETIC_CASE,SYN-004865,2,,,,,,,NOT_ANNOTATED
BLANK_HUMAN_ANNOTATION_FORM_FOR_SYNTHETIC_CASE,SYN-004865,3,,,,,,,NOT_ANNOTATED
BLANK_HUMAN_ANNOTATION_FORM_FOR_SYNTHETIC_CASE,SYN-004856,1,,,,,,,NOT_ANNOTATED
BLANK_HUMAN_ANNOTATION_FORM_FOR_SYNTHETIC_CASE,SYN-004856,2,,,,,,,NOT_ANNOTATED
BLANK_HUMAN_ANNOTATION_FORM_FOR_SYNTHETIC_CASE,SYN-004856,3,,,,,,,NOT_ANNOTATED
BLANK_HUMAN_ANNOTATION_FORM_FOR_SYNTHETIC_CASE,SYN-004164,1,,,,,,,NOT_ANNOTATED
BLANK_HUMAN_ANNOTATION_FORM_FOR_SYNTHETIC_CASE,SYN-004164,2,,,,,,,NOT_ANNOTATED
BLANK_HUMAN_ANNOTATION_FORM_FOR_SYNTHETIC_CASE,SYN-004164,3,,,,,,,NOT_ANNOTATED
BLANK_HUMAN_ANNOTATION_FORM_FOR_SYNTHETIC_CASE,SYN-004271,1,,,,,,,NOT_ANNOTATED
BLANK_HUMAN_ANNOTATION_FORM_FOR_SYNTHETIC_CASE,SYN-004271,2,,,,,,,NOT_ANNOTATED
BLANK_HUMAN_ANNOTATION_FORM_FOR_SYNTHETIC_CASE,SYN-004271,3,,,,,,,NOT_ANNOTATED
BLANK_HUMAN_ANNOTATION_FORM_FOR_SYNTHETIC_CASE,SYN-004669,1,,,,,,,NOT_ANNOTATED
BLANK_HUMAN_ANNOTATION_FORM_FOR_SYNTHETIC_CASE,SYN-004669,2,,,,,,,NOT_ANNOTATED
BLANK_HUMAN_ANNOTATION_FORM_FOR_SYNTHETIC_CASE,SYN-004669,3,,,,,,,NOT_ANNOTATED
BLANK_HUMAN_ANNOTATION_FORM_FOR_SYNTHETIC_CASE,SYN-004437,1,,,,,,,NOT_ANNOTATED
BLANK_HUMAN_ANNOTATION_FORM_FOR_SYNTHETIC_CASE,SYN-004437,2,,,,,,,NOT_ANNOTATED
BLANK_HUMAN_ANNOTATION_FORM_FOR_SYNTHETIC_CASE,SYN-004437,3,,,,,,,NOT_ANNOTATED
BLANK_HUMAN_ANNOTATION_FORM_FOR_SYNTHETIC_CASE,SYN-004330,1,,,,,,,NOT_ANNOTATED
BLANK_HUMAN_ANNOTATION_FORM_FOR_SYNTHETIC_CASE,SYN-004330,2,,,,,,,NOT_ANNOTATED
BLANK_HUMAN_ANNOTATION_FORM_FOR_SYNTHETIC_CASE,SYN-004330,3,,,,,,,NOT_ANNOTATED
BLANK_HUMAN_ANNOTATION_FORM_FOR_SYNTHETIC_CASE,SYN-004500,1,,,,,,,NOT_ANNOTATED
BLANK_HUMAN_ANNOTATION_FORM_FOR_SYNTHETIC_CASE,SYN-004500,2,,,,,,,NOT_ANNOTATED
BLANK_HUMAN_ANNOTATION_FORM_FOR_SYNTHETIC_CASE,SYN-004500,3,,,,,,,NOT_ANNOTATED
BLANK_HUMAN_ANNOTATION_FORM_FOR_SYNTHETIC_CASE,SYN-004659,1,,,,,,,NOT_ANNOTATED
BLANK_HUMAN_ANNOTATION_FORM_FOR_SYNTHETIC_CASE,SYN-004659,2,,,,,,,NOT_ANNOTATED
BLANK_HUMAN_ANNOTATION_FORM_FOR_SYNTHETIC_CASE,SYN-004659,3,,,,,,,NOT_ANNOTATED
BLANK_HUMAN_ANNOTATION_FORM_FOR_SYNTHETIC_CASE,SYN-004343,1,,,,,,,NOT_ANNOTATED
BLANK_HUMAN_ANNOTATION_FORM_FOR_SYNTHETIC_CASE,SYN-004343,2,,,,,,,NOT_ANNOTATED
BLANK_HUMAN_ANNOTATION_FORM_FOR_SYNTHETIC_CASE,SYN-004343,3,,,,,,,NOT_ANNOTATED
BLANK_HUMAN_ANNOTATION_FORM_FOR_SYNTHETIC_CASE,SYN-004232,1,,,,,,,NOT_ANNOTATED
BLANK_HUMAN_ANNOTATION_FORM_FOR_SYNTHETIC_CASE,SYN-004232,2,,,,,,,NOT_ANNOTATED
BLANK_HUMAN_ANNOTATION_FORM_FOR_SYNTHETIC_CASE,SYN-004232,3,,,,,,,NOT_ANNOTATED
BLANK_HUMAN_ANNOTATION_FORM_FOR_SYNTHETIC_CASE,SYN-004793,1,,,,,,,NOT_ANNOTATED
BLANK_HUMAN_ANNOTATION_FORM_FOR_SYNTHETIC_CASE,SYN-004793,2,,,,,,,NOT_ANNOTATED
BLANK_HUMAN_ANNOTATION_FORM_FOR_SYNTHETIC_CASE,SYN-004793,3,,,,,,,NOT_ANNOTATED
